コード,銘柄名,セクター
6330,東洋エンジニアリング,プラント
1662,石油資源開発,資源・エネルギー
1605,INPEX,資源・エネルギー
7011,三菱重工業,重工・防衛
7013,IHI,重工・防衛
6141,DMG森精機,工作機械
6157,日進工具,工作機械
3436,SUMCO,半導体
6981,村田製作所,半導体
5401,日本製鉄,鉄鋼・素材
3402,東レ,鉄鋼・素材
3036,アルコニックス,鉄鋼・素材
6857,Advantest,日経225
9202,ANA Holdings,日経225
9201,Japan Airlines,日経225
7267,Honda Motor,日経225
7202,Isuzu Motors,日経225
7261,Mazda Motor,日経225
7211,Mitsubishi Motors,日経225
7201,Nissan,日経225
7270,Subaru,日経225
7269,Suzuki Motor,日経225
7203,Toyota Motor,日経225
7272,Yamaha Motor Company,日経225
8304,Aozora Bank,日経225
8331,Chiba Bank,日経225
8354,Fukuoka Financial Group,日経225
8306,Mitsubishi UFJ Financial Group,日経225
8411,Mizuho Financial Group,日経225
8308,Resona Holdings,日経225
5831,5831,日経225
8316,Sumitomo Mitsui Financial Group,日経225
8309,Sumitomo Mitsui Trust Holdings,日経225
7186,Yokohama Financial Group,日経225
3407,Asahi Kasei,日経225
4061,Denka,日経225
4901,Fujifilm Holdings,日経225
4452,Kao Corp.,日経225
3405,Kuraray,日経225
4188,Mitsubishi Chemical Holdings,日経225
4183,Mitsui Chemicals,日経225
4021,Nissan Chemical Industries,日経225
6988,Nitto Denko,日経225
4004,Resonac,日経225
4063,Shin-Etsu Chemical,日経225
4911,Shiseido,日経225
4005,Sumitomo Chemical,日経225
4043,Tokuyama Corporation,日経225
4042,Tosoh,日経225
4208,Ube Industries,日経225
1721,Comsys Holdings,日経225
1925,Daiwa House Industry,日経225
1808,Haseko Corp.,日経225
1963,JGC Corporation,日経225
1812,Kajima,日経225
1802,Obayashi Corp.,日経225
1928,Sekisui House,日経225
1803,Shimizu,日経225
1801,Taisei,日経225
6770,Alps Alpine,日経225
7751,Canon Inc.,日経225
6902,Denso,日経225
6954,FANUC,日経225
6504,Fuji Electric,日経225
6702,Fujitsu,日経225
6501,Hitachi,日経225
6861,Keyence,日経225
6971,Kyocera,日経225
6920,Lasertec,日経225
6479,MinebeaMitsumi,日経225
6503,Mitsubishi Electric,日経225
6701,NEC,日経225
6594,Nidec,日経225
6645,Omron,日経225
6752,Panasonic,日経225
6723,Renesas Electronics,日経225
7752,Ricoh,日経225
6963,Rohm,日経225
7735,SCREEN Holdings,日経225
6724,Seiko Epson,日経225
6753,Sharp Corporation,日経225
6758,Sony,日経225
6526,Socionext,日経225
6976,Taiyo Yuden,日経225
6762,TDK,日経225
8035,Tokyo Electron,日経225
6506,Yaskawa Electric Corporation,日経225
6841,Yokogawa Electric,日経225
9502,Chubu Electric Power,日経225
9503,Kansai Electric Power,日経225
9501,Tokyo Electric Power Company,日経225
2802,Ajinomoto,日経225
2502,Asahi Group Holdings,日経225
2914,Japan Tobacco,日経225
2801,Kikkoman,日経225
2503,Kirin Holdings,日経225
2269,Meiji Holdings,日経225
2282,NH Foods,日経225
2871,Nichirei,日経225
2002,Nisshin Seifun Group,日経225
2501,Sapporo Holdings,日経225
5201,AGC Inc.,日経225
5333,NGK Insulators,日経225
5214,Nippon Electric Glass,日経225
5233,Taiheiyo Cement,日経225
5301,Tokai Carbon,日経225
5332,Toto Ltd.,日経225
8750,Dai-ichi Life,日経225
8725,MS&AD Insurance Group,日経225
8630,Sompo Holdings,日経225
8795,T&D Holdings,日経225
8766,Tokio Marine Holdings,日経225
9147,9147,日経225
9064,Yamato Holdings,日経225
6113,Amada Co. Ltd.,日経225
6367,Daikin Industries,日経225
6361,Ebara,日経225
6305,Hitachi Construction Machinery,日経225
7004,Kanadevia,日経225
5631,Japan Steel Works,日経225
6473,JTEKT,日経225
6301,Komatsu,日経225
6326,Kubota,日経225
6471,NSK Ltd.,日経225
6472,NTN,日経225
6103,Okuma Holdings,日経225
6302,Sumitomo Heavy Industries,日経225
6273,SMC Corporation,日経225
9107,Kawasaki Kisen Kaisha,日経225
9104,Mitsui O.S.K. Lines,日経225
9101,Nippon Yusen,日経225
5714,Dowa Holdings,日経225
5803,Fujikura,日経225
5801,Furukawa Electric,日経225
5711,Mitsubishi Materials,日経225
5706,Mitsui Mining & Smelting,日経225
5802,Sumitomo Electric Industries,日経225
5713,Sumitomo Metal Mining,日経225
8253,Credit Saison,日経225
8697,Japan Exchange Group,日経225
8591,Orix,日経225
7832,Bandai Namco Holdings,日経225
7912,Dai Nippon Printing,日経225
7911,Toppan Printing,日経225
7951,Yamaha Corporation,日経225
5020,Eneos Holdings,日経225
5019,Idemitsu Kosan,日経225
4503,Astellas Pharma,日経225
4519,Chugai Pharmaceutical,日経225
4568,Daiichi Sankyo,日経225
4523,Eisai Co.,日経225
4151,Kyowa Hakko Kirin,日経225
4578,Otsuka Holdings,日経225
4506,Sumitomo Dainippon Pharma,日経225
4507,Shionogi,日経225
4502,Takeda Pharmaceutical Company,日経225
9022,Central Japan Railway Company,日経225
9020,East Japan Railway Company,日経225
9008,Keio,日経225
9009,Keisei Electric Railway,日経225
9007,Odakyu Electric Railway,日経225
9001,Tobu Railway,日経225
9005,Tokyu,日経225
9021,West Japan Railway Company,日経225
8802,Mitsubishi Estate,日経225
8801,Mitsui Fudosan,日経225
8830,Sumitomo Realty & Development,日経225
8804,Tokyo Tatemono,日経225
3289,Tokyu Land,日経225
8267,Aeon,日経225
9983,Fast Retailing,日経225
3099,Isetan Mitsukoshi Holdings,日経225
3086,J. Front Retailing,日経225
8252,Marui Group,日経225
7453,Muji,日経225
9843,Nitori,日経225
7532,7532,日経225
3382,Seven & I Holdings Co.,日経225
8233,Takashimaya,日経225
3092,3092,日経225
5108,Bridgestone,日経225
5101,Yokohama Rubber,日経225
8601,Daiwa Securities Group,日経225
8604,Nomura Holdings,日経225
6532,6532,日経225
4751,CyberAgent,日経225
2432,Dena,日経225
4324,Dentsu,日経225
6178,Japan Post Holdings,日経225
9766,Konami,日経225
4689,LY Corporation,日経225
4385,Mercari,日経225
2413,2413,日経225
3659,Nexon,日経225
7974,Nintendo,日経225
4307,Nomura Research Institute,日経225
4661,Oriental Land,日経225
4755,Rakuten,日経225
6098,Recruit Holdings,日経225
9735,Secom,日経225
3697,SHIFT Inc.,日経225
9602,Toho,日経225
4704,Trend Micro,日経225
7012,Kawasaki Heavy Industries,日経225
5411,JFE Holdings,日経225
5406,Kobe Steel,日経225
